Hu1,Hu2,Hu3,Hu4,Hu5,Hu6,Hu7,Class
0.0012992777644418745,6.451414445888475e-07,6.648308124795945e-10,4.517582558274569e-10,1.0578377244551903e-18,3.6553887855733973e-13,-1.11393541433405e-19,Ring Pole
0.0014968400163626687,1.7677339095638744e-06,9.590676515100308e-10,5.679905345919084e-10,2.5790824950452275e-18,1.144051993290052e-12,2.594240571298133e-19,Cross Valve
